shipment_id,timestamp,elapsed_min,scenario,temperature_c,accel_rms_g,vibration_freq_hz,shock_peak_g
BT0214,2026-09-05 08:38,0.0,prolonged_temp_excursion,6.6923,0.1926,20.291,0.0
BT0214,2026-09-05 08:48,10.0,prolonged_temp_excursion,6.3115,0.4856,18.4967,0.0
BT0214,2026-09-05 08:58,20.0,prolonged_temp_excursion,6.2509,0.2785,18.4008,0.0
BT0214,2026-09-05 09:08,30.0,prolonged_temp_excursion,6.6919,0.2234,34.119,0.0
BT0214,2026-09-05 09:18,40.0,prolonged_temp_excursion,6.3284,0.4244,14.4171,0.0
BT0214,2026-09-05 09:28,50.0,prolonged_temp_excursion,6.0212,0.4591,16.2216,0.0
BT0214,2026-09-05 09:38,60.0,prolonged_temp_excursion,6.6875,0.3738,26.3892,0.0
BT0214,2026-09-05 09:48,70.0,prolonged_temp_excursion,6.6253,0.221,17.8041,0.0
BT0214,2026-09-05 09:58,80.0,prolonged_temp_excursion,6.043,0.2821,5.2993,0.0
BT0214,2026-09-05 10:08,90.0,prolonged_temp_excursion,6.6421,0.2676,14.7542,0.0
BT0214,2026-09-05 10:18,100.0,prolonged_temp_excursion,6.3676,0.1861,8.6526,0.0
BT0214,2026-09-05 10:28,110.0,prolonged_temp_excursion,6.3712,0.2599,11.55,0.0
BT0214,2026-09-05 10:38,120.0,prolonged_temp_excursion,6.4383,0.2057,27.2368,0.0
BT0214,2026-09-05 10:48,130.0,prolonged_temp_excursion,6.8012,0.3233,43.1586,0.0
BT0214,2026-09-05 10:58,140.0,prolonged_temp_excursion,6.2143,0.3718,19.5437,0.0
BT0214,2026-09-05 11:08,150.0,prolonged_temp_excursion,6.9273,0.0917,21.5638,0.0
BT0214,2026-09-05 11:18,160.0,prolonged_temp_excursion,6.7128,0.3567,17.5048,0.0
BT0214,2026-09-05 11:28,170.0,prolonged_temp_excursion,6.6448,0.3683,26.1044,0.0
BT0214,2026-09-05 11:38,180.0,prolonged_temp_excursion,6.0901,0.3746,14.8828,0.0
BT0214,2026-09-05 11:48,190.0,prolonged_temp_excursion,6.9018,0.3062,28.2969,0.0
BT0214,2026-09-05 11:58,200.0,prolonged_temp_excursion,6.7043,0.249,20.2362,0.0
BT0214,2026-09-05 12:08,210.0,prolonged_temp_excursion,6.2268,0.2742,22.1748,0.0
BT0214,2026-09-05 12:18,220.0,prolonged_temp_excursion,7.1587,0.2754,32.0182,0.0
BT0214,2026-09-05 12:28,230.0,prolonged_temp_excursion,5.8579,0.2253,13.9792,0.0
BT0214,2026-09-05 12:38,240.0,prolonged_temp_excursion,6.3254,0.3744,34.2922,0.0
BT0214,2026-09-05 12:48,250.0,prolonged_temp_excursion,6.364,0.4642,18.7047,0.0
BT0214,2026-09-05 12:58,260.0,prolonged_temp_excursion,6.3932,0.3411,17.6323,0.0
BT0214,2026-09-05 13:08,270.0,prolonged_temp_excursion,6.4372,0.3653,26.4136,0.0
BT0214,2026-09-05 13:18,280.0,prolonged_temp_excursion,6.1754,0.2752,14.1963,0.0
BT0214,2026-09-05 13:28,290.0,prolonged_temp_excursion,6.5667,0.2009,15.4988,0.0
BT0214,2026-09-05 13:38,300.0,prolonged_temp_excursion,6.1932,0.3687,7.9475,0.0
BT0214,2026-09-05 13:48,310.0,prolonged_temp_excursion,6.7,0.3241,23.4034,27.6668
BT0214,2026-09-05 13:58,320.0,prolonged_temp_excursion,6.6727,0.3828,21.6666,0.0
BT0214,2026-09-05 14:08,330.0,prolonged_temp_excursion,6.5464,0.5318,7.027,0.0
BT0214,2026-09-05 14:18,340.0,prolonged_temp_excursion,6.275,0.338,18.2653,0.0
BT0214,2026-09-05 14:28,350.0,prolonged_temp_excursion,6.7384,0.3933,29.3761,0.0
BT0214,2026-09-05 14:38,360.0,prolonged_temp_excursion,6.3116,0.2422,37.7912,0.0
BT0214,2026-09-05 14:48,370.0,prolonged_temp_excursion,6.2101,0.3385,19.8835,0.0
BT0214,2026-09-05 14:58,380.0,prolonged_temp_excursion,6.6874,0.1882,31.193,0.0
BT0214,2026-09-05 15:08,390.0,prolonged_temp_excursion,6.5121,0.2745,18.0843,0.0
BT0214,2026-09-05 15:18,400.0,prolonged_temp_excursion,6.8299,0.2385,13.8933,24.3824
BT0214,2026-09-05 15:28,410.0,prolonged_temp_excursion,6.9433,0.2672,34.7299,0.0
BT0214,2026-09-05 15:38,420.0,prolonged_temp_excursion,6.6853,0.3055,10.5258,0.0
BT0214,2026-09-05 15:48,430.0,prolonged_temp_excursion,7.1138,0.3028,16.9624,0.0
BT0214,2026-09-05 15:58,440.0,prolonged_temp_excursion,6.0721,0.3191,14.3439,0.0
BT0214,2026-09-05 16:08,450.0,prolonged_temp_excursion,7.8614,0.1717,18.5542,0.0
BT0214,2026-09-05 16:18,460.0,prolonged_temp_excursion,9.748,0.2093,16.2921,0.0
BT0214,2026-09-05 16:28,470.0,prolonged_temp_excursion,11.4946,0.2657,26.4882,0.0
BT0214,2026-09-05 16:38,480.0,prolonged_temp_excursion,13.539,0.305,15.164,0.0
BT0214,2026-09-05 16:48,490.0,prolonged_temp_excursion,15.5877,0.2505,23.9195,0.0
BT0214,2026-09-05 16:58,500.0,prolonged_temp_excursion,15.3995,0.5113,23.0245,0.0
BT0214,2026-09-05 17:08,510.0,prolonged_temp_excursion,15.5095,0.2009,15.4385,0.0
BT0214,2026-09-05 17:18,520.0,prolonged_temp_excursion,15.5767,0.234,27.7467,0.0
BT0214,2026-09-05 17:28,530.0,prolonged_temp_excursion,15.3545,0.4074,15.2773,0.0
BT0214,2026-09-05 17:38,540.0,prolonged_temp_excursion,15.5594,0.2725,41.4224,0.0
BT0214,2026-09-05 17:48,550.0,prolonged_temp_excursion,15.9786,0.6308,25.1753,0.0
BT0214,2026-09-05 17:58,560.0,prolonged_temp_excursion,15.762,0.5596,33.6031,0.0
BT0214,2026-09-05 18:08,570.0,prolonged_temp_excursion,15.9878,0.3169,27.5676,0.0
BT0214,2026-09-05 18:18,580.0,prolonged_temp_excursion,15.1872,0.162,22.673,0.0
BT0214,2026-09-05 18:28,590.0,prolonged_temp_excursion,15.2489,0.2455,16.9051,0.0
BT0214,2026-09-05 18:38,600.0,prolonged_temp_excursion,15.3039,0.5082,18.0929,0.0
BT0214,2026-09-05 18:48,610.0,prolonged_temp_excursion,14.9771,0.3143,25.2236,0.0
BT0214,2026-09-05 18:58,620.0,prolonged_temp_excursion,15.695,0.1888,23.1186,0.0
BT0214,2026-09-05 19:08,630.0,prolonged_temp_excursion,14.4184,0.2971,20.7101,0.0
BT0214,2026-09-05 19:18,640.0,prolonged_temp_excursion,15.7761,0.1601,14.9222,0.0
BT0214,2026-09-05 19:28,650.0,prolonged_temp_excursion,15.1063,0.5778,22.6702,0.0
BT0214,2026-09-05 19:38,660.0,prolonged_temp_excursion,15.6352,0.2364,32.4075,0.0
BT0214,2026-09-05 19:48,670.0,prolonged_temp_excursion,15.4115,0.3071,21.021,0.0
BT0214,2026-09-05 19:58,680.0,prolonged_temp_excursion,15.5624,0.2273,30.7794,0.0
BT0214,2026-09-05 20:08,690.0,prolonged_temp_excursion,14.0232,0.1908,8.3748,0.0
BT0214,2026-09-05 20:18,700.0,prolonged_temp_excursion,12.1671,0.3899,20.5845,0.0
BT0214,2026-09-05 20:28,710.0,prolonged_temp_excursion,10.1538,0.4773,23.0044,0.0
BT0214,2026-09-05 20:38,720.0,prolonged_temp_excursion,7.8323,0.3221,36.1932,0.0
BT0214,2026-09-05 20:48,730.0,prolonged_temp_excursion,6.2013,0.433,25.8962,0.0
BT0214,2026-09-05 20:58,740.0,prolonged_temp_excursion,6.592,0.2457,25.0319,0.0
BT0214,2026-09-05 21:08,750.0,prolonged_temp_excursion,6.7568,0.3052,27.6237,0.0
BT0214,2026-09-05 21:18,760.0,prolonged_temp_excursion,6.6811,0.4122,14.382,0.0
BT0214,2026-09-05 21:28,770.0,prolonged_temp_excursion,7.0186,0.2957,11.6764,0.0
BT0214,2026-09-05 21:38,780.0,prolonged_temp_excursion,6.6194,0.2718,27.9928,0.0
BT0214,2026-09-05 21:48,790.0,prolonged_temp_excursion,5.944,0.1875,6.8128,0.0
BT0214,2026-09-05 21:58,800.0,prolonged_temp_excursion,6.4162,0.1524,23.4153,0.0
BT0214,2026-09-05 22:08,810.0,prolonged_temp_excursion,6.7309,0.2811,21.1502,0.0
BT0214,2026-09-05 22:18,820.0,prolonged_temp_excursion,6.7998,0.1937,20.9366,0.0
BT0214,2026-09-05 22:28,830.0,prolonged_temp_excursion,6.5249,0.2578,19.71,0.0
BT0214,2026-09-05 22:38,840.0,prolonged_temp_excursion,6.6832,0.2299,26.874,0.0
BT0214,2026-09-05 22:48,850.0,prolonged_temp_excursion,6.2541,0.2308,19.3588,0.0
BT0214,2026-09-05 22:58,860.0,prolonged_temp_excursion,6.2204,0.2493,18.4656,0.0
BT0214,2026-09-05 23:08,870.0,prolonged_temp_excursion,6.1664,0.4007,30.8573,0.0
BT0214,2026-09-05 23:18,880.0,prolonged_temp_excursion,6.0744,0.2694,32.4474,0.0
BT0214,2026-09-05 23:28,890.0,prolonged_temp_excursion,6.6821,0.3504,17.1125,0.0
BT0214,2026-09-05 23:38,900.0,prolonged_temp_excursion,6.4774,0.3734,23.7993,0.0
BT0214,2026-09-05 23:48,910.0,prolonged_temp_excursion,6.2819,0.3807,12.2958,0.0
BT0214,2026-09-05 23:58,920.0,prolonged_temp_excursion,6.6312,0.2938,19.3302,0.0
BT0214,2026-09-06 00:08,930.0,prolonged_temp_excursion,6.6644,0.4009,29.1875,0.0
BT0214,2026-09-06 00:18,940.0,prolonged_temp_excursion,6.4094,0.2803,12.9494,0.0
BT0214,2026-09-06 00:28,950.0,prolonged_temp_excursion,6.7223,0.433,14.797,19.4133
BT0214,2026-09-06 00:38,960.0,prolonged_temp_excursion,6.5865,0.2483,16.428,0.0
BT0214,2026-09-06 00:48,970.0,prolonged_temp_excursion,6.2584,0.2336,16.1404,0.0
BT0214,2026-09-06 00:58,980.0,prolonged_temp_excursion,6.5782,0.2704,29.9577,0.0
BT0214,2026-09-06 01:08,990.0,prolonged_temp_excursion,6.3147,0.2057,21.1724,0.0
BT0214,2026-09-06 01:18,1000.0,prolonged_temp_excursion,6.4607,0.4005,14.6372,0.0
BT0214,2026-09-06 01:28,1010.0,prolonged_temp_excursion,6.0584,0.1679,22.8917,0.0
BT0214,2026-09-06 01:38,1020.0,prolonged_temp_excursion,6.3775,0.2579,28.3278,0.0
BT0214,2026-09-06 01:48,1030.0,prolonged_temp_excursion,6.8225,0.3297,10.6777,0.0
BT0214,2026-09-06 01:58,1040.0,prolonged_temp_excursion,6.2152,0.4272,31.1903,0.0
BT0214,2026-09-06 02:08,1050.0,prolonged_temp_excursion,6.0386,0.417,16.3571,0.0
BT0214,2026-09-06 02:18,1060.0,prolonged_temp_excursion,6.1838,0.1822,20.9991,0.0
BT0214,2026-09-06 02:28,1070.0,prolonged_temp_excursion,6.6903,0.2296,12.692,0.0
BT0214,2026-09-06 02:38,1080.0,prolonged_temp_excursion,6.6609,0.2282,25.2789,0.0
