feature,importance_mean,importance_std
vibration_dose_g2_h,0.053079999708346426,0.01629340275956555
vibration_minutes_above_2g,0.04448761970517466,0.013001421747904003
max_accel_rms_g,0.042363274549390276,0.01123045504322485
mean_accel_rms_g,0.038914996317057915,0.013773370950860404
shock_count_ge_5g,0.031914729040592296,0.010143001703922724
thermal_auc_above_8c_c_h,0.028002095437467584,0.018754755772669537
max_shock_g,0.024529292923846292,0.012679784815926107
shock_count_ge_20g,0.016247738660034306,0.012606006061271506
time_above_8c_min,0.011454858065210165,0.016638884294187414
temp_sd_c,0.01111547783430239,0.020971938295449636
mean_temp_c,0.007522118174596404,0.008179483867881584
dominant_vibration_freq_hz,0.005078901227352372,0.007758149773848789
mean_shock_g,0.004066886064091724,0.00514675546293071
max_temp_c,0.0019046663028388033,0.017416372978288224
duration_h,0.0011919468258763776,0.008583114648763386
